{"product_cost": [16.19, 17.26, 16.6, 16.5, 19.7, 22.26, 27.74, 25.92], "start_up_cost": [4500, 5000, 550, 560, 900, 170, 260, 30], "shutdown_cost": [4500, 5000, 550, 560, 900, 170, 260, 30], "load_demand": [1009.62, 924.3000000000001, 881.64, 853.1999999999999, 824.76, 824.76, 853.1999999999999, 910.08, 1038.06, 1137.6000000000001, 1166.04, 1180.26, 1166.04, 1137.6000000000001, 1123.38, 1123.38, 1180.26, 1294.02, 1279.8, 1251.36, 1208.7, 1194.48, 1123.38, 1052.28], "min_up": [8, 8, 5, 5, 6, 3, 3, 1], "min_down": [8, 8, 5, 5, 6, 3, 3, 1], "power_l": [150, 150, 20, 20, 25, 20, 25, 10], "power_h": [455, 455, 130, 130, 162, 80, 85, 55]}